barangay,census_2020,urban,geometry anchor,mean_susc_300m,elev_m,dist_river_m,bldg_600m,CSRI
Pantal,17807,True,Pantal,72.15579514680097,6.914566993713379,60.0,590,95.53571428571429
Pogo Chico,4389,True,Pogo Chico,65.59050410692139,1.6610193252563477,192.09372712298546,512,79.82142857142857
Mayombo,8470,True,Mayombo,63.67316854495711,1.0730475187301636,234.30749027719963,284,78.57142857142857
Bolosan,3320,True,Bolosan,67.49859300299595,2.999316930770874,180.0,230,71.875
Lucao,10153,True,Lucao,61.19738911863673,1.7229279279708862,408.0441152620633,238,69.10714285714286
Tambac,2399,True,Tambac,72.52972321504672,5.868310451507568,180.0,23,66.25
Caranglaan,5880,True,Caranglaan,61.885866326975744,1.103198766708374,295.4657340538831,113,66.25
Herrero,1583,True,Herrero - Perez,63.37674575743394,4.105169773101807,180.0,488,64.10714285714286
Malued,9265,True,Malued,58.7422920029716,2.5862507820129395,120.0,358,62.5
Carael,6490,True,Carael,60.09723647192596,0.0,150.0,58,56.96428571428571
Bacayao Norte,4295,False,Bacayao Norte,61.52891845622342,2.6578667163848877,108.16653826391968,297,55.00000000000001
Mamalingling,1844,False,Mamalingling,73.62381380770661,3.8639373779296875,120.0,5,54.64285714285714
Tebeng,3031,True,Tebeng,61.78300028190865,0.0,60.0,17,54.107142857142854
Tapuac,5004,True,Tapuac,54.62393391899508,0.0,360.0,321,53.035714285714285
Lasip Chico,1208,False,Lasip Chico,68.31084933748573,3.053471803665161,94.86832980505139,205,52.85714285714286
Lasip Grande,2413,False,Lasip Grande,62.32070395020532,4.808215618133545,108.16653826391968,292,52.142857142857146
Bonuan Binloc,10674,True,Bonuan Binloc,53.301087277241045,0.0,375.89892258425004,92,50.357142857142854
Bonuan Gueset,25390,True,Bonuan Gueset,28.918697737908147,0.0,324.4996147917591,294,49.28571428571429
Bonuan Boquig,15351,True,Bonuan Boquig,30.47851936315744,0.0,890.4493247793498,207,45.53571428571428
Calmay,5906,True,Calmay,46.060506518892296,0.0,150.0,132,44.46428571428571
Poblacion Oeste,4234,True,Poblacion Oeste,44.24708850145354,0.0,150.0,415,43.03571428571429
Bacayao Sur,2520,False,Bacayao Sur,61.178059215425556,1.0,60.0,221,41.42857142857143
Pogo Grande,1990,False,Pogo Grande,60.01410417417088,3.405123472213745,210.0,363,40.535714285714285
Mangin,4079,False,Mangin,55.20979409221725,0.0,300.0,111,34.285714285714285
Salisay,2701,False,Salisay,59.33340458858369,1.0,67.0820393249937,108,33.75
Barangay IV,1199,True,Cuison Subdivision,52.74996560418935,0.0,678.8225099390856,230,31.69642857142857
Pugaro Suit,5431,True,Pugaro Suit,21.846453444903123,0.0,330.0,10,29.464285714285715
Salapingao,2954,False,Salapingao,45.146377721881954,0.0,254.5584412271571,0,18.392857142857146
Barangay II,2300,True,Caliit,,0.0,582.494635168428,10,
Lomboy,1300,False,Lomboy,,0.0,394.58839313897715,9,
Barangay I,722,True,Binmaley,,0.0,228.47319317591726,59,
