psgc,Barangay,urban,popn
105518009,Bonuan Gueset,U,25390
105518022,Pantal,U,17807
105518008,Bonuan Boquig,U,15351
105518007,Bonuan Binloc,U,10674
105518017,Lucao,U,10153
105518018,Malued,U,9265
105518021,Mayombo,U,8470
105518011,Carael,U,6490
105518010,Calmay,U,5906
105518012,Caranglaan,U,5880
105518027,Pugaro Suit,U,5431
105518031,Tapuac,U,5004
105518025,Pogo Chico,U,4389
105518001,Bacayao Norte,R,4295
105518023,Poblacion Oeste,U,4234
105518020,Mangin,R,4079
105518006,Bolosan,U,3320
105518032,Tebeng,U,3031
105518028,Salapingao,R,2954
105518029,Salisay,R,2701
105518002,Bacayao Sur,R,2520
105518015,Lasip Grande,R,2413
105518030,Tambac,U,2399
105518003,Barangay II,U,2300
105518026,Pogo Grande,R,1990
105518019,Mamalingling,R,1844
105518013,Herrero,U,1583
105518016,Lomboy,R,1300
105518014,Lasip Chico,R,1208
105518004,Barangay IV,U,1199
105518024,Barangay I,U,722
