psgc,barangay,urban,popn,anchor,mean_susc_300m,elev_m,dist_river_m,bldg_600m,CSRI
105518009,Bonuan Gueset,U,25390,Bonuan Gueset,28.918697737908147,0.0,324.4996147917591,294,49.28571428571429
105518022,Pantal,U,17807,Pantal,72.15579514680097,6.914566993713379,60.0,590,95.53571428571428
105518008,Bonuan Boquig,U,15351,Bonuan Boquig,30.47851936315744,0.0,890.4493247793498,207,45.53571428571428
105518007,Bonuan Binloc,U,10674,Bonuan Binloc,53.301087277241045,0.0,375.8989225842501,92,50.35714285714285
105518017,Lucao,U,10153,Lucao,61.19738911863673,1.7229279279708862,408.0441152620633,238,69.10714285714286
105518018,Malued,U,9265,Malued,58.7422920029716,2.5862507820129395,120.0,358,62.5
105518021,Mayombo,U,8470,Mayombo,63.67316854495711,1.0730475187301636,234.30749027719963,284,78.57142857142857
105518011,Carael,U,6490,Carael,60.09723647192596,0.0,150.0,58,56.96428571428571
105518010,Calmay,U,5906,Calmay,46.060506518892296,0.0,150.0,132,44.46428571428571
105518012,Caranglaan,U,5880,Caranglaan,61.885866326975744,1.103198766708374,295.4657340538831,113,66.25
105518027,Pugaro Suit,U,5431,Pugaro Suit,21.846453444903123,0.0,330.0,10,29.464285714285715
105518031,Tapuac,U,5004,Tapuac,54.62393391899508,0.0,360.0,321,53.035714285714285
105518025,Pogo Chico,U,4389,Pogo Chico,65.59050410692139,1.6610193252563477,192.09372712298543,512,79.82142857142857
105518001,Bacayao Norte,R,4295,Bacayao Norte,61.52891845622342,2.657866716384888,108.16653826391968,297,55.00000000000001
105518023,Poblacion Oeste,U,4234,Poblacion Oeste,44.24708850145354,0.0,150.0,415,43.03571428571429
105518020,Mangin,R,4079,Mangin,55.20979409221725,0.0,300.0,111,34.285714285714285
105518006,Bolosan,U,3320,Bolosan,67.49859300299595,2.999316930770874,180.0,230,71.875
105518032,Tebeng,U,3031,Tebeng,61.78300028190865,0.0,60.0,17,54.10714285714285
105518028,Salapingao,R,2954,Salapingao,45.146377721881954,0.0,254.5584412271571,0,18.392857142857142
105518029,Salisay,R,2701,Salisay,59.33340458858369,1.0,67.0820393249937,108,33.75
105518002,Bacayao Sur,R,2520,Bacayao Sur,61.17805921542556,1.0,60.0,221,41.42857142857143
105518015,Lasip Grande,R,2413,Lasip Grande,62.32070395020532,4.808215618133545,108.16653826391968,292,52.142857142857146
105518030,Tambac,U,2399,Tambac,72.52972321504672,5.868310451507568,180.0,23,66.25
105518003,Barangay II,U,2300,Caliit,,0.0,582.494635168428,10,
105518026,Pogo Grande,R,1990,Pogo Grande,60.01410417417088,3.405123472213745,210.0,363,40.535714285714285
105518019,Mamalingling,R,1844,Mamalingling,73.62381380770661,3.863937377929688,120.0,5,54.64285714285714
105518013,Herrero,U,1583,Herrero - Perez,63.37674575743394,4.105169773101807,180.0,488,64.10714285714286
105518016,Lomboy,R,1300,Lomboy,,0.0,394.5883931389772,9,
105518014,Lasip Chico,R,1208,Lasip Chico,68.31084933748573,3.053471803665161,94.8683298050514,205,52.85714285714286
105518004,Barangay IV,U,1199,Cuison Subdivision,52.74996560418935,0.0,678.8225099390856,230,31.69642857142857
105518024,Barangay I,U,722,Binmaley,,0.0,228.4731931759173,59,
