kind,name,lat,lon
fountain,,16.031484,120.325421
water refilling station,Iceland Water Refilling Station,16.049328,120.341567
water refilling station,Spring World,16.033283,120.330785
water refilling station,Aqua Soft,16.046103,120.34415
water refilling station,Aqua Check Water Refilling Station,16.01809,120.317777
water refilling station,Agua Fresca Purified Drinking Water,16.039252,120.331372
water refilling station,Water Neil,16.06858,120.334427
water refilling station,BCM Water Refilling Station,16.100905,120.381926
well,Aqua Safe Pure Drinking Water,16.047312,120.342707
well,,16.097431,120.366895
well,,16.102412,120.376185
well,,16.097513,120.367276
